Model,F1,Accuracy,Precision,Recall,Log likelihood score,Structure score,BBW prediction accuracy,BTT prediction accuracy,HBW prediction accuracy,HTT prediction accuracy,MBW prediction accuracy,MET prediction accuracy,MMIPS prediction accuracy,MTT prediction accuracy,RBW prediction accuracy,RET prediction accuracy,RMIPS prediction accuracy,RTT prediction accuracy,TT prediction accuracy,Average prediction accuracy
Naive Bayes,0.0,0.653846154,0.0,0.0,-5177.836866,-5352.367973,89.76377953,79.72440945,60.03937008,60.62992126,82.67716535,43.30708661,43.30708661,45.47244094,74.60629921,81.69291339,65.15748031,60.62992126,80.70866142,66.7474258
TAN,0.0,0.653846154,0.0,0.0,-3007.393895,-3386.48038,100.0,93.30708661,99.40944882,99.21259843,90.35433071,100.0,100.0,74.21259843,100.0,100.0,89.17322835,89.96062992,84.4488189,93.85221078
Constraint-based CBN,0.782608696,0.807692308,0.642857143,1.0,-3105.317367,-3376.973397,100.0,100.0,99.40944882,99.40944882,82.67716535,100.0,100.0,54.92125984,100.0,100.0,89.17322835,89.96062992,80.51181102,92.00484555
Score-based CBN,0.6153846153846153,0.8076923076923077,1.0,0.4444444444444444,-2558.340124235847,-2998.7209641358286,100.0,99.80314960629921,99.40944881889764,99.01574803149606,92.71653543307087,100.0,100.0,75.39370078740157,100.0,100.0,89.1732283464567,89.96062992125984,88.77952755905511,94.94245911568746
