Model,F1,Accuracy,Precision,Recall,Log likelihood score,Structure score
Score-based CBN,0.888888888888889,0.9230769230769232,1.0,0.8,-2402.865622020438,-2682.031218824658
TAN,0.0,0.6153846153846154,0.0,0.0,-2823.0694708155497,-3084.1806017954505
Naive Bayes,0.0,0.6153846153846154,0.0,0.0,-4584.586127920558,-4704.319040095721
Constraint-based CBN,0.9354838709677419,0.9487179487179487,0.90625,0.9666666666666667,-2735.4306232859035,-2962.649163550363
