Model,F1,Accuracy,Precision,Recall,Log likelihood score,Structure score,BBW prediction accuracy,BTT prediction accuracy,HBW prediction accuracy,HTT prediction accuracy,MBW prediction accuracy,MET prediction accuracy,MMIPS prediction accuracy,MTT prediction accuracy,RBW prediction accuracy,RET prediction accuracy,RMIPS prediction accuracy,RTT prediction accuracy,TT prediction accuracy
TAN,0.0,0.6538461538461539,0.0,0.0,-3007.393894746433,-3386.4803799617093,100.0,93.30708661417324,99.40944881889764,99.21259842519686,90.3543307086614,100.0,100.0,74.21259842519686,100.0,100.0,89.1732283464567,89.96062992125984,84.4488188976378
Constraint-based CBN,0.782608695652174,0.8076923076923077,0.6428571428571429,1.0,-2906.683594071701,-3214.7884126264084,100.0,100.0,99.40944881889764,99.40944881889764,91.73228346456692,100.0,100.0,72.24409448818898,100.0,100.0,89.1732283464567,89.96062992125984,80.51181102362204
Naive Bayes,0.0,0.6282051282051282,0.0,0.0,-5130.474320131481,-5313.968818819015,89.76377952755905,79.7244094488189,61.023622047244096,60.629921259842526,83.26771653543307,43.7007874015748,43.503937007874015,46.45669291338583,74.80314960629921,82.28346456692913,66.14173228346458,61.61417322834646,76.77165354330708
Score-based CBN,0.8979591836734694,0.9358974358974359,0.9166666666666666,0.88,-2836.876954214571,-3229.82413362336,100.0,98.4251968503937,99.40944881889764,100.0,87.99212598425197,100.0,100.0,87.99212598425197,100.0,100.0,89.1732283464567,89.1732283464567,87.4015748031496
