Model,F1,Accuracy,Precision,Recall,Log likelihood score,Structure score
Constraint-based CBN,0.935483870967742,0.9487179487179488,0.90625,0.9666666666666668,-inf,-2962.6491635503617
Score-based CBN,0.888888888888889,0.9230769230769232,1.0,0.8,-2373.9190452143293,-2673.2894655836835
Naive Bayes,0.0,0.6153846153846154,0.0,0.0,-4584.586127920558,-4704.319040095722
TAN,0.0,0.6153846153846154,0.0,0.0,-2823.0694708155497,-3084.1806017954505
