Model,F1,Accuracy,Precision,Recall,Log likelihood score,Structure score
Constraint-based CBN,0.782608695652174,0.8076923076923077,0.6428571428571429,1.0,-2906.683594071701,-3214.788412626408
Score-based CBN,0.6153846153846153,0.8076923076923077,1.0,0.4444444444444444,-2558.340124235847,-2998.720964135828
Naive Bayes,0.0,0.6538461538461539,0.0,0.0,-5176.856593627597,-5352.367973109394
TAN,0.0,0.6538461538461539,0.0,0.0,-inf,-3386.4803799617093
