Model,F1,Accuracy,Precision,Recall,Log likelihood score,Structure score
TAN,0.0,0.6410256410256411,0.0,0.0,-13980.574915533669,-14371.047446736517
Score-based CBN,0.923076923076923,0.9487179487179488,1.0,0.8571428571428571,-11908.6103172674,-12295.476865650216
Naive Bayes,0.0,0.6410256410256411,0.0,0.0,-22806.436556794102,-23001.4740854563
Constraint-based CBN,0.9491525423728813,0.9615384615384616,0.9032258064516129,1.0,-12600.81937913602,-12966.556087525654
