Model,F1,Accuracy,Precision,Recall,Log likelihood score,Structure score,BBW prediction accuracy,BTT prediction accuracy,HBW prediction accuracy,HTT prediction accuracy,MBW prediction accuracy,MET prediction accuracy,MMIPS prediction accuracy,MTT prediction accuracy,RBW prediction accuracy,RET prediction accuracy,RMIPS prediction accuracy,RTT prediction accuracy,TT prediction accuracy
Naive Bayes,0.0,0.6538461538461539,0.0,0.0,-5177.836866441081,-5352.367973109396,89.76377952755905,79.7244094488189,60.03937007874016,60.629921259842526,82.67716535433071,43.30708661417323,43.30708661417323,45.47244094488189,74.60629921259843,81.69291338582677,65.15748031496062,60.629921259842526,80.70866141732283
TAN,0.0,0.6538461538461539,0.0,0.0,-3007.393894746433,-3386.4803799617093,100.0,93.30708661417324,99.40944881889764,99.21259842519686,90.3543307086614,100.0,100.0,74.21259842519686,100.0,100.0,89.1732283464567,89.96062992125984,84.4488188976378
Constraint-based CBN,0.782608695652174,0.8076923076923077,0.6428571428571429,1.0,-2906.683594071701,-3214.7884126264084,100.0,100.0,99.40944881889764,99.40944881889764,91.73228346456692,100.0,100.0,72.24409448818898,100.0,100.0,89.1732283464567,89.96062992125984,80.51181102362204
Score-based CBN,0.6153846153846153,0.8076923076923077,1.0,0.4444444444444444,-2558.340124235847,-2998.720964135828,100.0,99.80314960629921,99.40944881889764,99.01574803149606,93.11023622047244,100.0,100.0,75.0,100.0,100.0,89.1732283464567,89.96062992125984,88.9763779527559
